﻿{
    "schema_id":  "coherencelattice.implementation_receipt.v1",
    "version":  1,
    "created_at":  "2026-01-10T03:23:22.6406517Z",
    "proposal_path":  "C:/Users/pdxvo/Documents/Lean/CoherenceLattice/governance/proposals/approved/20260109_220744Z__b7e59d57be14__continue.json",
    "proposal_sha256":  "b7e59d57be142a9b493e974be03e7fc5fac27d84663a77f069ea08129be700c8",
    "summary":  "IMPLEMENTATION SUMMARY: fill this in.",
    "files_changed":  [
                          "governance/implementation/receipts/20260109_223254Z__receipt.json",
                          "governance/implementation/receipts/20260109_225452Z__receipt.json",
                          "governance/implementation/receipts/20260109_230028Z__receipt.json",
                          "governance/implementation/receipts/20260110_003546Z__receipt.json",
                          "governance/implementation/receipts/20260110_004615Z__receipt.json",
                          "governance/implementation/receipts/20260110_023203Z__receipt.json",
                          "governance/implementation/receipts/20260110_031351Z__receipt.json",
                          "scripts/new_receipt.ps1"
                      ],
    "tests":  {
                  "ucc":  "pytest -q ucc/tests",
                  "python":  "pytest -q python/tests"
              },
    "telemetry_delta":  {
                            "before":  {

                                       },
                            "after":  {
                                          "DeltaS":  3.2916983522146559E-05,
                                          "E":  0.9585812412159503,
                                          "Es":  1.0,
                                          "Lambda":  7.6790568430351591E-05,
                                          "Psi":  0.9585812412159503,
                                          "T":  1.0
                                      }
                        },
    "rollback_plan_path":  "./governance/implementation/rollback/20260110_032322Z__rollback.json",
    "notes":  "Receipt generated by scripts/new_receipt.ps1 (JSON-safe)."
}
