﻿{
  "schema_id": "coherencelattice.implementation_receipt.v1",
  "version": 1,
  "created_at": "2026-01-09T14:54:52.8749104-08:00",
  "proposal_path": "C:/Users/pdxvo/Documents/Lean/CoherenceLattice/governance/proposals/approved/20260109_220744Z__b7e59d57be14__continue.json",
  "proposal_sha256": "b7e59d57be142a9b493e974be03e7fc5fac27d84663a77f069ea08129be700c8",
  "summary": "IMPLEMENTATION SUMMARY: fill this in.",
  "files_changed": ".github/workflows/ci.yml",
  "tests": {
    "ucc": "pytest -q ucc/tests",
    "python": "pytest -q python/tests"
  },
  "telemetry_delta": {
    "before": {},
    "after": {
    "DeltaS":  4.2774975939981662E-05,
    "E":  0.9586950503732315,
    "Es":  1.0,
    "Lambda":  5.45817972034679E-05,
    "Psi":  0.9586950503732315,
    "T":  1.0
}
  },
  "rollback_plan_path": "./governance/implementation/rollback/20260109_225452Z__rollback.json",
  "notes": "Receipt generated by scripts/new_receipt.ps1. Fill summary and update telemetry_delta.before if desired."
}

