﻿{
  "schema_id": "coherencelattice.implementation_receipt.v1",
  "version": 1,
  "created_at": "2026-01-09T16:35:46.6443920-08:00",
  "proposal_path": "C:/Users/pdxvo/Documents/Lean/CoherenceLattice/governance/proposals/approved/20260109_220744Z__b7e59d57be14__continue.json",
  "proposal_sha256": "b7e59d57be142a9b493e974be03e7fc5fac27d84663a77f069ea08129be700c8",
  "summary": "IMPLEMENTATION SUMMARY: fill this in.",
  "files_changed": [
    "out/telemetry_smoke/change_proposal.json",
    "out/telemetry_smoke/control_decision.json",
    "out/telemetry_smoke/konomi_smoke_base/blockarray/blockarray_results.csv",
    "out/telemetry_smoke/konomi_smoke_base/blockarray/blockarray_summary.json",
    "out/telemetry_smoke/konomi_smoke_base/cube/cube_results.csv",
    "out/telemetry_smoke/konomi_smoke_base/cube/cube_summary.json",
    "out/telemetry_smoke/konomi_smoke_base/evgpu/evgpu_matmul_results.csv",
    "out/telemetry_smoke/konomi_smoke_base/evgpu/evgpu_matmul_summary.json",
    "out/telemetry_smoke/konomi_smoke_base/femto/femto_async_results.csv",
    "out/telemetry_smoke/konomi_smoke_base/femto/femto_async_summary.json",
    "out/telemetry_smoke/konomi_smoke_base/konomi_smoke_summary.json",
    "out/telemetry_smoke/konomi_smoke_perturb_1/blockarray/blockarray_results.csv",
    "out/telemetry_smoke/konomi_smoke_perturb_1/blockarray/blockarray_summary.json",
    "out/telemetry_smoke/konomi_smoke_perturb_1/cube/cube_results.csv",
    "out/telemetry_smoke/konomi_smoke_perturb_1/cube/cube_summary.json",
    "out/telemetry_smoke/konomi_smoke_perturb_1/evgpu/evgpu_matmul_results.csv",
    "out/telemetry_smoke/konomi_smoke_perturb_1/evgpu/evgpu_matmul_summary.json",
    "out/telemetry_smoke/konomi_smoke_perturb_1/femto/femto_async_results.csv",
    "out/telemetry_smoke/konomi_smoke_perturb_1/femto/femto_async_summary.json",
    "out/telemetry_smoke/konomi_smoke_perturb_1/konomi_smoke_summary.json",
    "out/telemetry_smoke/konomi_smoke_perturb_2/blockarray/blockarray_results.csv",
    "out/telemetry_smoke/konomi_smoke_perturb_2/blockarray/blockarray_summary.json",
    "out/telemetry_smoke/konomi_smoke_perturb_2/cube/cube_results.csv",
    "out/telemetry_smoke/konomi_smoke_perturb_2/cube/cube_summary.json",
    "out/telemetry_smoke/konomi_smoke_perturb_2/evgpu/evgpu_matmul_results.csv",
    "out/telemetry_smoke/konomi_smoke_perturb_2/evgpu/evgpu_matmul_summary.json",
    "out/telemetry_smoke/konomi_smoke_perturb_2/femto/femto_async_results.csv",
    "out/telemetry_smoke/konomi_smoke_perturb_2/femto/femto_async_summary.json",
    "out/telemetry_smoke/konomi_smoke_perturb_2/konomi_smoke_summary.json",
    "out/telemetry_smoke/konomi_smoke_perturb_3/blockarray/blockarray_results.csv",
    "out/telemetry_smoke/konomi_smoke_perturb_3/blockarray/blockarray_summary.json",
    "out/telemetry_smoke/konomi_smoke_perturb_3/cube/cube_results.csv",
    "out/telemetry_smoke/konomi_smoke_perturb_3/cube/cube_summary.json",
    "out/telemetry_smoke/konomi_smoke_perturb_3/evgpu/evgpu_matmul_results.csv",
    "out/telemetry_smoke/konomi_smoke_perturb_3/evgpu/evgpu_matmul_summary.json",
    "out/telemetry_smoke/konomi_smoke_perturb_3/femto/femto_async_results.csv",
    "out/telemetry_smoke/konomi_smoke_perturb_3/femto/femto_async_summary.json",
    "out/telemetry_smoke/konomi_smoke_perturb_3/konomi_smoke_summary.json",
    "out/telemetry_smoke/perturbations.json",
    "out/telemetry_smoke/state_estimate.json",
    "out/telemetry_smoke/telemetry.json",
    "out/telemetry_smoke/ucc_cov_out/audit_bundle.json",
    "out/telemetry_smoke/ucc_cov_perturb_1/audit_bundle.json",
    "out/telemetry_smoke/ucc_cov_perturb_2/audit_bundle.json",
    "out/telemetry_smoke/ucc_cov_perturb_3/audit_bundle.json"
],
  "tests": {
    "ucc": "pytest -q ucc/tests",
    "python": "pytest -q python/tests"
  },
  "telemetry_delta": {
    "before": {},
    "after": {
    "DeltaS":  7.4960758235209646E-05,
    "E":  0.9585269752676374,
    "Es":  1.0,
    "Lambda":  0.00016752905989947386,
    "Psi":  0.9585269752676374,
    "T":  1.0
}
  },
  "rollback_plan_path": "./governance/implementation/rollback/20260110_003546Z__rollback.json",
  "notes": "Receipt generated by scripts/new_receipt.ps1. Fill summary and update telemetry_delta.before if desired."
}

