{
  "basis": {
    "decision_sha256": "ee5f6b15fc3727d53c9836b183ed8b53f07a9b0e1a3d6022915f35a87cdd7a1a",
    "git_commit": "",
    "run_dir": "out/telemetry_smoke",
    "state_sha256": "dcb2fa185d706fb58d8cbf37abeccd7b65a5979ffa3f46da9d3072693f961df6",
    "telemetry_sha256": "1b28244aecfa69eaa1be2ff30fd964fc1eaa2fedbf123e4d7e966d9b95790702"
  },
  "changes": [
    {
      "action": "noop_maintain_green",
      "diff_hint": "No changes required; only update baselines intentionally when expected.",
      "expected_effects": {
        "goal": "stability"
      },
      "id": "chg-001",
      "priority": "low",
      "risk_ids": [],
      "targets": [
        "tests/baselines/*",
        ".github/workflows/ci.yml"
      ],
      "why": "System is green; maintain baselines and keep telemetry consistent."
    }
  ],
  "created_at": "2026-01-09T22:02:22.952280+00:00",
  "decision": {
    "actions": [],
    "created_at": "2026-01-09T21:08:24.314488+00:00",
    "decision": "continue",
    "gates": {
      "consent_required": false,
      "human_review_required": false,
      "strict_mode": false
    },
    "notes": "Policy order: B(Es) then A(Lambda) then C(T). ",
    "schema_id": "coherencelattice.control_decision.v1",
    "version": 1
  },
  "notes": "Proposal-only. No auto-apply. Requires human/CI review per governance. v2.1 uses canonical digests.",
  "schema_id": "coherencelattice.change_proposal.v1",
  "version": 1
}