﻿{
  "$schema": "https://json-schema.org/draft/2020-12/schema",
  "$id": "urn:coherencelattice:schema:rollback_plan:v1",
  "title": "Rollback Plan",
  "type": "object",
  "additionalProperties": false,
  "required": ["schema_id","version","created_at","trigger_conditions","rollback_steps"],
  "properties": {
    "schema_id": { "const": "coherencelattice.rollback_plan.v1" },
    "version": { "type": "integer", "minimum": 1 },
    "created_at": { "type": "string", "format": "date-time" },

    "trigger_conditions": {
      "type": "array",
      "minItems": 1,
      "items": { "type": "string", "minLength": 1 }
    },

    "rollback_steps": {
      "type": "array",
      "minItems": 1,
      "items": { "type": "string", "minLength": 1 }
    },

    "notes": { "type": "string" }
  }
}
